combo_idx,neurons,ranks,n_prompts,abs_bias_before,signed_bias_before,gender_mass_before,abs_bias_after,signed_bias_after,gender_mass_after,abs_bias_delta,signed_bias_delta,abs_bias_reduction_pct
0,L29N5434;L19N3700;L31N74;L28N3278;L24N4144,1;2;3;4;5,650,0.07049758867494504,0.03699860078213903,0.1432261645686399,0.09909544219799071,0.014631431021311966,0.18368345490069846,-0.02859785352304567,0.02236716976082706,-40.5657187154394
1,L29N5434;L19N3700;L31N74;L28N3278;L19N3583,1;2;3;4;6,650,0.07049758867494504,0.03699860078213903,0.1432261645686399,0.09971319933904058,0.012934203772331994,0.1833560056040063,-0.02921561066409553,0.02406439700980703,-41.44199995095549
2,L29N5434;L19N3700;L31N74;L28N3278;L26N9228,1;2;3;4;7,650,0.07049758867494504,0.03699860078213903,0.1432261645686399,0.10044827527294825,0.007038718519912837,0.1857058392937003,-0.029950686598003207,0.02995988226222619,-42.484696513666336
3,L29N5434;L19N3700;L31N74;L28N3278;L31N8541,1;2;3;4;8,650,0.07049758867494504,0.03699860078213903,0.1432261645686399,0.11559307998272696,0.03447081644245077,0.2007969710604934,-0.04509549130778191,0.002527784339688255,-63.96742378765776
4,L29N5434;L19N3700;L31N74;L28N3278;L31N2611,1;2;3;4;9,650,0.07049758867494504,0.03699860078213903,0.1432261645686399,0.09360502458211661,0.005146974529823747,0.17721788833494626,-0.02310743590717157,0.03185162625231528,-32.777625932309356
5,L29N5434;L19N3700;L31N74;L28N3278;L29N5238,1;2;3;4;10,650,0.07049758867494504,0.03699860078213903,0.1432261645686399,0.10345009859907232,0.018256941057171724,0.1885499822470609,-0.03295250992412728,0.018741659724967302,-46.742747579731976
6,L29N5434;L19N3700;L31N74;L24N4144;L19N3583,1;2;3;5;6,650,0.07049758867494504,0.03699860078213903,0.1432261645686399,0.09602628178331413,0.026853713461852106,0.17622865464516071,-0.025528693108369083,0.01014488732028692,-36.21215078160826
7,L29N5434;L19N3700;L31N74;L24N4144;L26N9228,1;2;3;5;7,650,0.07049758867494504,0.03699860078213903,0.1432261645686399,0.09525879668824777,0.02226761726805457,0.17771141375301477,-0.024761208013302727,0.014730983514084455,-35.12348220514796
8,L29N5434;L19N3700;L31N74;L24N4144;L31N8541,1;2;3;5;8,650,0.07049758867494504,0.03699860078213903,0.1432261645686399,0.11508877296577194,0.04941677157445177,0.19485383414071655,-0.044591184290826896,-0.012418170792312742,-63.25207021821822
9,L29N5434;L19N3700;L31N74;L24N4144;L31N2611,1;2;3;5;9,650,0.07049758867494504,0.03699860078213903,0.1432261645686399,0.08821015209889146,0.018723627307361452,0.16941708884314324,-0.01771256342394642,0.018274973474777575,-25.125062795575438
10,L29N5434;L19N3700;L31N74;L24N4144;L29N5238,1;2;3;5;10,650,0.07049758867494504,0.03699860078213903,0.1432261645686399,0.10040823140058076,0.03251991030452803,0.18145953051698463,-0.02991064272563572,0.004478690477611,-42.42789475190378
11,L29N5434;L19N3700;L31N74;L19N3583;L26N9228,1;2;3;6;7,650,0.07049758867494504,0.03699860078213903,0.1432261645686399,0.09575347103290592,0.020256031650939057,0.17747279191768195,-0.025255882357960877,0.01674256913119997,-35.82517194228071
12,L29N5434;L19N3700;L31N74;L19N3583;L31N8541,1;2;3;6;8,650,0.07049758867494504,0.03699860078213903,0.1432261645686399,0.11484200072219374,0.04654217588097587,0.1936208880175688,-0.04434441204724869,-0.00954357509883684,-62.90202669443751
13,L29N5434;L19N3700;L31N74;L19N3583;L31N2611,1;2;3;6;9,650,0.07049758867494504,0.03699860078213903,0.1432261645686399,0.08902086789716178,0.017280692711576486,0.16939141347462752,-0.018523279222216735,0.01971790807056254,-26.275053615840818
14,L29N5434;L19N3700;L31N74;L19N3583;L29N5238,1;2;3;6;10,650,0.07049758867494504,0.03699860078213903,0.1432261645686399,0.10095294265374452,0.030745716081342144,0.18109800046173768,-0.030455353978799476,0.0062528847007968825,-43.200561254974325
15,L29N5434;L19N3700;L31N74;L26N9228;L31N8541,1;2;3;7;8,650,0.07049758867494504,0.03699860078213903,0.1432261645686399,0.11258427389694586,0.04079329617272319,0.1943823748934163,-0.04208668522200082,-0.003794695390584163,-59.69946775918379
16,L29N5434;L19N3700;L31N74;L26N9228;L31N2611,1;2;3;7;9,650,0.07049758867494504,0.03699860078213903,0.1432261645686399,0.08904255817721272,0.012621721861379248,0.17122345069842673,-0.01854496950226768,0.02437687892075978,-26.30582102286655
17,L29N5434;L19N3700;L31N74;L26N9228;L29N5238,1;2;3;7;10,650,0.07049758867494504,0.03699860078213903,0.1432261645686399,0.09976757333425866,0.025418465559945848,0.1823189896393581,-0.029269984659313616,0.011580135222193179,-41.519128823361044
18,L29N5434;L19N3700;L31N74;L31N8541;L31N2611,1;2;3;8;9,650,0.07049758867494504,0.03699860078213903,0.1432261645686399,0.10485285689778852,0.0367642042000025,0.18565603061593716,-0.034355268222843474,0.0002343965821365243,-48.73254372039734
19,L29N5434;L19N3700;L31N74;L31N8541;L29N5238,1;2;3;8;10,650,0.07049758867494504,0.03699860078213903,0.1432261645686399,0.12203640075359212,0.0547635757440385,0.20057322455379134,-0.05153881207864708,-0.017764974961899473,-73.10719848346254
20,L29N5434;L19N3700;L31N74;L31N2611;L29N5238,1;2;3;9;10,650,0.07049758867494504,0.03699860078213903,0.1432261645686399,0.09287684974235438,0.022268562890603152,0.17411596492534667,-0.02237926106740934,0.014730037891535874,-31.744718490439613
21,L29N5434;L19N3700;L28N3278;L24N4144;L19N3583,1;2;4;5;6,650,0.07049758867494504,0.03699860078213903,0.1432261645686399,0.08368507217465279,0.04725663667369342,0.1582626724914518,-0.013187483499707747,-0.010258035891554391,-18.706290169034677
22,L29N5434;L19N3700;L28N3278;L24N4144;L26N9228,1;2;4;5;7,650,0.07049758867494504,0.03699860078213903,0.1432261645686399,0.08158940792642946,0.044110643048185974,0.15857120732797303,-0.01109181925148442,-0.007112042266046947,-15.733615092322255
23,L29N5434;L19N3700;L28N3278;L24N4144;L31N8541,1;2;4;5;8,650,0.07049758867494504,0.03699860078213903,0.1432261645686399,0.10460489559538633,0.07041730327684009,0.17810156912377773,-0.03410730692044128,-0.033418702494701066,-48.380813530666295
24,L29N5434;L19N3700;L28N3278;L24N4144;L31N2611,1;2;4;5;9,650,0.07049758867494504,0.03699860078213903,0.1432261645686399,0.07513575567054204,0.03923451117033062,0.1512048654910292,-0.004638166995596993,-0.0022359103881915907,-6.5791853065825565
25,L29N5434;L19N3700;L28N3278;L24N4144;L29N5238,1;2;4;5;10,650,0.07049758867494504,0.03699860078213903,0.1432261645686399,0.08910343354243998,0.053357392894601785,0.16383526927461106,-0.018605844867494933,-0.01635879211246276,-26.392172012129375
26,L29N5434;L19N3700;L28N3278;L19N3583;L26N9228,1;2;4;6;7,650,0.07049758867494504,0.03699860078213903,0.1432261645686399,0.0817325382315327,0.042337862293652634,0.15814506958296287,-0.011234949556587659,-0.005339261511513607,-15.936643745916628
27,L29N5434;L19N3700;L28N3278;L19N3583;L31N8541,1;2;4;6;8,650,0.07049758867494504,0.03699860078213903,0.1432261645686399,0.10390744129755516,0.0677144174899214,0.17666746639899325,-0.03340985262261012,-0.030715816707782367,-47.39148281604139
28,L29N5434;L19N3700;L28N3278;L19N3583;L31N2611,1;2;4;6;9,650,0.07049758867494504,0.03699860078213903,0.1432261645686399,0.07563421041688463,0.037972212503276745,0.15105557334507003,-0.005136621741939587,-0.0009736117211377182,-7.286237499021226
29,L29N5434;L19N3700;L28N3278;L19N3583;L29N5238,1;2;4;6;10,650,0.07049758867494504,0.03699860078213903,0.1432261645686399,0.0893453682049432,0.0517378400468814,0.163333454975952,-0.01884777952999815,-0.014739239264742375,-26.73535348407836
30,L29N5434;L19N3700;L28N3278;L26N9228;L31N8541,1;2;4;7;8,650,0.07049758867494504,0.03699860078213903,0.1432261645686399,0.1008344678197743,0.06358590552512106,0.17628055823159045,-0.030336879144829257,-0.02658730474298203,-43.03250609706461
31,L29N5434;L19N3700;L28N3278;L26N9228;L31N2611,1;2;4;7;9,650,0.07049758867494504,0.03699860078213903,0.1432261645686399,0.0739434217879703,0.03482613305809464,0.15162068386667624,-0.003445833113025251,0.0021724677240443843,-4.887873724183003
32,L29N5434;L19N3700;L28N3278;L26N9228;L29N5238,1;2;4;7;10,650,0.07049758867494504,0.03699860078213903,0.1432261645686399,0.08691730870697309,0.04797208547812046,0.16333533311438958,-0.016419720032028046,-0.01097348469598143,-23.29117965684923
33,L29N5434;L19N3700;L28N3278;L31N8541;L31N2611,1;2;4;8;9,650,0.07049758867494504,0.03699860078213903,0.1432261645686399,0.0935725250745829,0.05804703756152658,0.16839008499029587,-0.023074936399637855,-0.02104843677938755,-32.73152576329001
34,L29N5434;L19N3700;L28N3278;L31N8541;L29N5238,1;2;4;8;10,650,0.07049758867494504,0.03699860078213903,0.1432261645686399,0.11226802481072602,0.07648142273262468,0.18422846679162716,-0.04177043613578098,-0.03948282195048565,-59.25087215164036
35,L29N5434;L19N3700;L28N3278;L31N2611;L29N5238,1;2;4;9;10,650,0.07049758867494504,0.03699860078213903,0.1432261645686399,0.08057648157711919,0.04336521785445192,0.1560727128698604,-0.010078892902174147,-0.006366617072312897,-14.296790984790379
36,L29N5434;L19N3700;L24N4144;L19N3583;L26N9228,1;2;5;6;7,650,0.07049758867494504,0.03699860078213903,0.1432261645686399,0.08366419046599217,0.04969323790042993,0.15626149555680793,-0.01316660179104713,-0.012694637118290907,-18.676669711011776
37,L29N5434;L19N3700;L24N4144;L19N3583;L31N8541,1;2;5;6;8,650,0.07049758867494504,0.03699860078213903,0.1432261645686399,0.1074840342928177,0.07544376165001186,0.17605166026450808,-0.03698644561787266,-0.038445160867872835,-52.46483789454447
38,L29N5434;L19N3700;L24N4144;L19N3583;L31N2611,1;2;5;6;9,650,0.07049758867494504,0.03699860078213903,0.1432261645686399,0.07696674680066015,0.04434565080799201,0.14890257033813914,-0.006469158125715108,-0.00734705002585298,-9.176424679634833
39,L29N5434;L19N3700;L24N4144;L19N3583;L29N5238,1;2;5;6;10,650,0.07049758867494504,0.03699860078213903,0.1432261645686399,0.0916985787657885,0.05870600936028443,0.16179296491151912,-0.02120099009084346,-0.021707408578145404,-30.073354974733093
40,L29N5434;L19N3700;L24N4144;L26N9228;L31N8541,1;2;5;7;8,650,0.07049758867494504,0.03699860078213903,0.1432261645686399,0.10429116513221255,0.07179504200189558,0.17531641185370114,-0.03379357645726751,-0.03479644121975656,-47.93579056027742
41,L29N5434;L19N3700;L24N4144;L26N9228;L31N2611,1;2;5;7;9,650,0.07049758867494504,0.03699860078213903,0.1432261645686399,0.07509063847247784,0.041774415452534124,0.14919675456637596,-0.004593049797532792,-0.004775814670395097,-6.515187092016339
42,L29N5434;L19N3700;L24N4144;L26N9228;L29N5238,1;2;5;7;10,650,0.07049758867494504,0.03699860078213903,0.1432261645686399,0.08901644267373515,0.05548021631752218,0.16148666221909821,-0.018518853998790108,-0.018481615535383154,-26.26877648848114
43,L29N5434;L19N3700;L24N4144;L31N8541;L31N2611,1;2;5;8;9,650,0.07049758867494504,0.03699860078213903,0.1432261645686399,0.09633585628839574,0.06528783026276513,0.16712447683025844,-0.02583826761345069,-0.028289229480626107,-36.65127857434598
44,L29N5434;L19N3700;L24N4144;L31N8541;L29N5238,1;2;5;8;10,650,0.07049758867494504,0.03699860078213903,0.1432261645686399,0.11593687782909123,0.0842823188475647,0.1836526929704594,-0.04543928915414619,-0.04728371806542567,-64.4550969873036
45,L29N5434;L19N3700;L24N4144;L31N2611;L29N5238,1;2;5;9;10,650,0.07049758867494504,0.03699860078213903,0.1432261645686399,0.08207524266515596,0.04992396198255364,0.15397667828050846,-0.01157765399021092,-0.012925361200414612,-16.42276595245539
46,L29N5434;L19N3700;L19N3583;L26N9228;L31N8541,1;2;6;7;8,650,0.07049758867494504,0.03699860078213903,0.1432261645686399,0.10341629113741156,0.06893602058829282,0.1738792036293164,-0.03291870246246652,-0.03193741980615379,-46.69479209317393
47,L29N5434;L19N3700;L19N3583;L26N9228;L31N2611,1;2;6;7;9,650,0.07049758867494504,0.03699860078213903,0.1432261645686399,0.0754575519510058,0.04033634287207984,0.14905428660550146,-0.004959963276060755,-0.0033377420899408164,-7.035649543887923
48,L29N5434;L19N3700;L19N3583;L26N9228;L29N5238,1;2;6;7;10,650,0.07049758867494504,0.03699860078213903,0.1432261645686399,0.08902692456167599,0.0536901334448244,0.160991997457652,-0.018529335886730947,-0.016691532662685374,-26.28364492318629
49,L29N5434;L19N3700;L19N3583;L31N8541;L31N2611,1;2;6;8;9,650,0.07049758867494504,0.03699860078213903,0.1432261645686399,0.09592417272325364,0.06303359194122866,0.16608218298979907,-0.025426584048308595,-0.026034991159089638,-36.067310281415686
50,L29N5434;L19N3700;L19N3583;L31N8541;L29N5238,1;2;6;8;10,650,0.07049758867494504,0.03699860078213903,0.1432261645686399,0.11513079781788213,0.08157571405366582,0.18218882963011918,-0.044633209142937086,-0.04457711327152679,-63.311681976435885
51,L29N5434;L19N3700;L19N3583;L31N2611;L29N5238,1;2;6;9;10,650,0.07049758867494504,0.03699860078213903,0.1432261645686399,0.08249271024607771,0.048635893305108126,0.15379115724841733,-0.011995121571132666,-0.011637292522969099,-17.0149388037094
52,L29N5434;L19N3700;L26N9228;L31N8541;L31N2611,1;2;7;8;9,650,0.07049758867494504,0.03699860078213903,0.1432261645686399,0.09313924791349948,0.05944937643498277,0.16563289016047794,-0.022641659238554435,-0.022450775652843744,-32.116927208605816
53,L29N5434;L19N3700;L26N9228;L31N8541;L29N5238,1;2;7;8;10,650,0.07049758867494504,0.03699860078213903,0.1432261645686399,0.11139321667671609,0.07712227842551979,0.18093224918092393,-0.040895628001771045,-0.04012367764338076,-58.009967107294
54,L29N5434;L19N3700;L26N9228;L31N2611;L29N5238,1;2;7;9;10,650,0.07049758867494504,0.03699860078213903,0.1432261645686399,0.08027243019661721,0.045458884733089545,0.15374538778665284,-0.00977484152167217,-0.008460283950950519,-13.865497679279015
55,L29N5434;L19N3700;L31N8541;L31N2611;L29N5238,1;2;8;9;10,650,0.07049758867494504,0.03699860078213903,0.1432261645686399,0.10372646581537213,0.07106923583371233,0.1730569474965939,-0.03322887714042709,-0.0340706350515733,-47.134771224078314
56,L29N5434;L31N74;L28N3278;L24N4144;L19N3583,1;3;4;5;6,650,0.07049758867494504,0.03699860078213903,0.1432261645686399,0.10542012293550922,0.017743510724260433,0.18421527547436958,-0.03492253426056417,0.019255090057878593,-49.53720391996286
57,L29N5434;L31N74;L28N3278;L24N4144;L26N9228,1;3;4;5;7,650,0.07049758867494504,0.03699860078213903,0.1432261645686399,0.10578373602976479,0.012434233841766637,0.1863890746144194,-0.03528614735481975,0.02456436694037239,-50.05298481557923
58,L29N5434;L31N74;L28N3278;L24N4144;L31N8541,1;3;4;5;8,650,0.07049758867494504,0.03699860078213903,0.1432261645686399,0.12428670808956378,0.04163724836210242,0.2036469641326868,-0.05378911941461874,-0.0046386475799633925,-76.29923296048207
59,L29N5434;L31N74;L28N3278;L24N4144;L31N2611,1;3;4;5;9,650,0.07049758867494504,0.03699860078213903,0.1432261645686399,0.09854375086450025,0.00951312178515024,0.17765800390917855,-0.028046162189555204,0.027485478996988787,-39.78315105055906
60,L29N5434;L31N74;L28N3278;L24N4144;L29N5238,1;3;4;5;10,650,0.07049758867494504,0.03699860078213903,0.1432261645686399,0.1103228634783908,0.024227397549792973,0.1903193307810702,-0.03982527480344576,0.012771203232346054,-56.49168369016816
61,L29N5434;L31N74;L28N3278;L19N3583;L26N9228,1;3;4;6;7,650,0.07049758867494504,0.03699860078213903,0.1432261645686399,0.10616667705449756,0.010481829878075586,0.1861343645314679,-0.035669088379552516,0.02651677090406344,-50.596182153148405
62,L29N5434;L31N74;L28N3278;L19N3583;L31N8541,1;3;4;6;8,650,0.07049758867494504,0.03699860078213903,0.1432261645686399,0.1239265497288864,0.038852501988319806,0.20239183916565498,-0.05342896105394136,-0.0018539012061807789,-75.788352563795
63,L29N5434;L31N74;L28N3278;L19N3583;L31N2611,1;3;4;6;9,650,0.07049758867494504,0.03699860078213903,0.1432261645686399,0.09914777668034554,0.008159960291602467,0.17757205246790334,-0.028650188005400493,0.02883864049053656,-40.63995456284708
64,L29N5434;L31N74;L28N3278;L19N3583;L29N5238,1;3;4;6;10,650,0.07049758867494504,0.03699860078213903,0.1432261645686399,0.11073951193577601,0.022543488675432714,0.18990362923300694,-0.04024192326083097,0.014455112106706313,-57.0826946243241
65,L29N5434;L31N74;L28N3278;L26N9228;L31N8541,1;3;4;7;8,650,0.07049758867494504,0.03699860078213903,0.1432261645686399,0.12270756272610522,0.03246194307556634,0.20396429754064244,-0.05220997405116018,0.004536657706572689,-74.05923384400194
66,L29N5434;L31N74;L28N3278;L26N9228;L31N2611,1;3;4;7;9,650,0.07049758867494504,0.03699860078213903,0.1432261645686399,0.1001724224371937,0.0027262093148608117,0.18012972121441587,-0.02967483376224865,0.034272391467278215,-42.09340251207079
67,L29N5434;L31N74;L28N3278;L26N9228;L29N5238,1;3;4;7;10,650,0.07049758867494504,0.03699860078213903,0.1432261645686399,0.11059219050276725,0.016483425510834572,0.19189780295362782,-0.04009460182782221,0.020515175271304455,-56.87372090511216
68,L29N5434;L31N74;L28N3278;L31N8541;L31N2611,1;3;4;8;9,650,0.07049758867494504,0.03699860078213903,0.1432261645686399,0.11469842303529014,0.028919832219900167,0.19469070177587,-0.044200834360345095,0.00807876856223886,-62.69836343502362
69,L29N5434;L31N74;L28N3278;L31N8541;L29N5238,1;3;4;8;10,650,0.07049758867494504,0.03699860078213903,0.1432261645686399,0.13216582712866906,0.04844535768051873,0.21051633939675649,-0.06166823845372402,-0.011446756898379706,-87.47567060494511
70,L29N5434;L31N74;L28N3278;L31N2611;L29N5238,1;3;4;9;10,650,0.07049758867494504,0.03699860078213903,0.1432261645686399,0.10336968100719002,0.013920675346088252,0.18316265874884924,-0.03287209233224497,0.023077925436050774,-46.628676171909646
71,L29N5434;L31N74;L24N4144;L19N3583;L26N9228,1;3;5;6;7,650,0.07049758867494504,0.03699860078213903,0.1432261645686399,0.10166122732373638,0.025156597473251167,0.1783852780255776,-0.031163638648791334,0.01184200330888786,-44.205254725069686
72,L29N5434;L31N74;L24N4144;L19N3583;L31N8541,1;3;5;6;8,650,0.07049758867494504,0.03699860078213903,0.1432261645686399,0.12349694866382663,0.05328850331257747,0.19669974178429667,-0.052999359988881584,-0.016289902530438445,-75.17896850806422
73,L29N5434;L31N74;L24N4144;L19N3583;L31N2611,1;3;5;6;9,650,0.07049758867494504,0.03699860078213903,0.1432261645686399,0.09446287336177536,0.021216842512258728,0.16998904062564915,-0.023965284686830318,0.0157817582698803,-33.994474332066936
74,L29N5434;L31N74;L24N4144;L19N3583;L29N5238,1;3;5;6;10,650,0.07049758867494504,0.03699860078213903,0.1432261645686399,0.10812127144777714,0.03628770585570464,0.18307071218703355,-0.037623682772832095,0.0007108949264343842,-53.36875130057266
75,L29N5434;L31N74;L24N4144;L26N9228;L31N8541,1;3;5;7;8,650,0.07049758867494504,0.03699860078213903,0.1432261645686399,0.12138147240905535,0.048134612940795185,0.1973847815280168,-0.050883883734110305,-0.011136012158656158,-72.17819033318868
76,L29N5434;L31N74;L24N4144;L26N9228;L31N2611,1;3;5;7;9,650,0.07049758867494504,0.03699860078213903,0.1432261645686399,0.0941961003214026,0.017078390680450955,0.1717003196868837,-0.02369851164645756,0.019920210101688072,-33.61605991337977
77,L29N5434;L31N74;L24N4144;L26N9228;L29N5238,1;3;5;7;10,650,0.07049758867494504,0.03699860078213903,0.1432261645686399,0.10673633332102858,0.03151042903542215,0.1841907463605488,-0.03623874464608354,0.005488171746716876,-51.40423286415589
78,L29N5434;L31N74;L24N4144;L31N8541;L31N2611,1;3;5;8;9,650,0.07049758867494504,0.03699860078213903,0.1432261645686399,0.11296955268332153,0.04298065039946935,0.18820399775198102,-0.04247196400837648,-0.005982049617330322,-60.24598118413529
79,L29N5434;L31N74;L24N4144;L31N8541;L29N5238,1;3;5;8;10,650,0.07049758867494504,0.03699860078213903,0.1432261645686399,0.1321725010000348,0.06309550724539069,0.20492602826545514,-0.06167491232508976,-0.026096906463251662,-87.48513741294688
80,L29N5434;L31N74;L24N4144;L31N2611;L29N5238,1;3;5;9;10,650,0.07049758867494504,0.03699860078213903,0.1432261645686399,0.09923467708272157,0.027343640410350884,0.1756327203519027,-0.02873708840777653,0.009654960371788143,-40.76322176107243
81,L29N5434;L31N74;L19N3583;L26N9228;L31N8541,1;3;6;7;8,650,0.07049758867494504,0.03699860078213903,0.1432261645686399,0.12085123755253348,0.045074918517993154,0.19619914473072603,-0.05035364887758843,-0.008076317735854127,-71.42605842841289
82,L29N5434;L31N74;L19N3583;L26N9228;L31N2611,1;3;6;7;9,650,0.07049758867494504,0.03699860078213903,0.1432261645686399,0.09481075091753448,0.015423058019381618,0.1717221185541735,-0.024313162242589434,0.02157554276275741,-34.48793455148398
83,L29N5434;L31N74;L19N3583;L26N9228;L29N5238,1;3;6;7;10,650,0.07049758867494504,0.03699860078213903,0.1432261645686399,0.10708808059995505,0.02952506930023998,0.18387543275345383,-0.03659049192501,0.007473531481899047,-51.90318224035132
84,L29N5434;L31N74;L19N3583;L31N8541;L31N2611,1;3;6;8;9,650,0.07049758867494504,0.03699860078213903,0.1432261645686399,0.11288515453534659,0.04058552298753288,0.1873254297944806,-0.042387565860401544,-0.003586922205393854,-60.12626340433422
85,L29N5434;L31N74;L19N3583;L31N8541;L29N5238,1;3;6;8;10,650,0.07049758867494504,0.03699860078213903,0.1432261645686399,0.13174182194146328,0.060269488709762654,0.20366279966301634,-0.06124423326651823,-0.023270887927623628,-86.87422423610431
86,L29N5434;L31N74;L19N3583;L31N2611;L29N5238,1;3;6;9;10,650,0.07049758867494504,0.03699860078213903,0.1432261645686399,0.09994443695966711,0.02592351078758787,0.17554558616598046,-0.029446848284722063,0.011075089994551156,-41.770007794873024
87,L29N5434;L31N74;L26N9228;L31N8541;L31N2611,1;3;7;8;9,650,0.07049758867494504,0.03699860078213903,0.1432261645686399,0.11124534555313757,0.03538505845658016,0.18839392080001865,-0.04074775687819253,0.0016135423255588671,-57.80021365847701
88,L29N5434;L31N74;L26N9228;L31N8541;L29N5238,1;3;7;8;10,650,0.07049758867494504,0.03699860078213903,0.1432261645686399,0.12912381409811308,0.05424746399891509,0.2039401429968303,-0.05862622542316803,-0.017248863216776066,-83.1606109160495
89,L29N5434;L31N74;L26N9228;L31N2611;L29N5238,1;3;7;9;10,650,0.07049758867494504,0.03699860078213903,0.1432261645686399,0.09934976492184532,0.0210909756379727,0.17702126540553495,-0.02885217624690027,0.015907625144166326,-40.92647250664672
90,L29N5434;L31N74;L31N8541;L31N2611;L29N5238,1;3;8;9;10,650,0.07049758867494504,0.03699860078213903,0.1432261645686399,0.12092716808336565,0.049581532777118034,0.19498831164816743,-0.050429579408420605,-0.012582931994979007,-71.53376499293424
91,L29N5434;L28N3278;L24N4144;L19N3583;L26N9228,1;4;5;6;7,650,0.07049758867494504,0.03699860078213903,0.1432261645686399,0.08803324724035837,0.046764497584778075,0.15942644883513551,-0.017535658565413323,-0.009765896802639049,-24.874125335361327
92,L29N5434;L28N3278;L24N4144;L19N3583;L31N8541,1;4;5;6;8,650,0.07049758867494504,0.03699860078213903,0.1432261645686399,0.11218443274982633,0.07401018364319063,0.1799757678206947,-0.04168684407488128,-0.037011582861051606,-59.1322977968704
93,L29N5434;L28N3278;L24N4144;L19N3583;L31N2611,1;4;5;6;9,650,0.07049758867494504,0.03699860078213903,0.1432261645686399,0.08125526950013952,0.04155580409311111,0.15190923625113226,-0.010757680825194474,-0.004557203310972084,-15.259643666390778
94,L29N5434;L28N3278;L24N4144;L19N3583;L29N5238,1;4;5;6;10,650,0.07049758867494504,0.03699860078213903,0.1432261645686399,0.09645921778489967,0.056865676847213734,0.1655573699113056,-0.02596162910995463,-0.019867076065074707,-36.826265405559084
95,L29N5434;L28N3278;L24N4144;L26N9228;L31N8541,1;4;5;7;8,650,0.07049758867494504,0.03699860078213903,0.1432261645686399,0.1094816261015511,0.07033035269315574,0.17962113553526496,-0.038984037426606055,-0.03333175191101671,-55.2983983698453
96,L29N5434;L28N3278;L24N4144;L26N9228;L31N2611,1;4;5;7;9,650,0.07049758867494504,0.03699860078213903,0.1432261645686399,0.07975340907267936,0.038797571032478044,0.1524647983569514,-0.009255820397734316,-0.0017989702503390173,-13.129272322223198
97,L29N5434;L28N3278;L24N4144;L26N9228;L29N5238,1;4;5;7;10,650,0.07049758867494504,0.03699860078213903,0.1432261645686399,0.09433013140979236,0.05351526809129536,0.16556792204033652,-0.02383254273484732,-0.01651666730915633,-33.80618143513531
98,L29N5434;L28N3278;L24N4144;L31N8541;L31N2611,1;4;5;8;9,650,0.07049758867494504,0.03699860078213903,0.1432261645686399,0.10133654394855186,0.06380688973640695,0.17117200489537143,-0.03083895527360682,-0.026808288954267928,-43.74469517787497
99,L29N5434;L28N3278;L24N4144;L31N8541;L29N5238,1;4;5;8;10,650,0.07049758867494504,0.03699860078213903,0.1432261645686399,0.12204984625112063,0.0842501208089763,0.188793874502585,-0.051552257576175584,-0.047251520026837274,-73.12627076349541
100,L29N5434;L28N3278;L24N4144;L31N2611;L29N5238,1;4;5;9;10,650,0.07049758867494504,0.03699860078213903,0.1432261645686399,0.08724566933532225,0.04802000634543193,0.15784055284106557,-0.01674808066037721,-0.011021405563292903,-23.75695534438826
101,L29N5434;L28N3278;L19N3583;L26N9228;L31N8541,1;4;6;7;8,650,0.07049758867494504,0.03699860078213903,0.1432261645686399,0.10856744858816683,0.06749213518366935,0.17819735938358,-0.03806985991322179,-0.030493534401530326,-54.00164832411052
102,L29N5434;L28N3278;L19N3583;L26N9228;L31N2611,1;4;6;7;9,650,0.07049758867494504,0.03699860078213903,0.1432261645686399,0.08005357369043897,0.037370115291848464,0.15231662758365896,-0.009555985015493929,-0.0003715145097094377,-13.555052300519522
103,L29N5434;L28N3278;L19N3583;L26N9228;L29N5238,1;4;6;7;10,650,0.07049758867494504,0.03699860078213903,0.1432261645686399,0.0943093165109251,0.05173651829294368,0.16506953961363321,-0.023811727835980054,-0.014737917510804652,-33.776655746018136
104,L29N5434;L28N3278;L19N3583;L31N8541;L31N2611,1;4;6;8;9,650,0.07049758867494504,0.03699860078213903,0.1432261645686399,0.1009393882340087,0.061577551134860985,0.17011877418421975,-0.030441799559063662,-0.024578950352721958,-43.18133447007206
105,L29N5434;L28N3278;L19N3583;L31N8541;L29N5238,1;4;6;8;10,650,0.07049758867494504,0.03699860078213903,0.1432261645686399,0.12117256717980765,0.08156341408096998,0.1873210362061119,-0.050674978504862606,-0.044564813298830955,-71.88186072365986
106,L29N5434;L28N3278;L19N3583;L31N2611;L29N5238,1;4;6;9;10,650,0.07049758867494504,0.03699860078213903,0.1432261645686399,0.0876119075848632,0.04675133829133433,0.1576296514289442,-0.017114318909918158,-0.009752737509195301,-24.27645999188709
107,L29N5434;L28N3278;L26N9228;L31N8541;L31N2611,1;4;7;8;9,650,0.07049758867494504,0.03699860078213903,0.1432261645686399,0.09864264896877492,0.057919738782978396,0.1700498054719252,-0.028145060293829877,-0.02092113800083937,-39.92343684775232
108,L29N5434;L28N3278;L26N9228;L31N8541;L29N5238,1;4;7;8;10,650,0.07049758867494504,0.03699860078213903,0.1432261645686399,0.1180402003587192,0.0771650415056397,0.18654102110370677,-0.04754261168377416,-0.040166440723500674,-67.43863524607457
109,L29N5434;L28N3278;L26N9228;L31N2611;L29N5238,1;4;7;9;10,650,0.07049758867494504,0.03699860078213903,0.1432261645686399,0.08579977105289775,0.043412841246785655,0.15790542884262157,-0.015302182377952708,-0.006414240464646628,-21.705965644454913
110,L29N5434;L28N3278;L31N8541;L31N2611;L29N5238,1;4;8;9;10,650,0.07049758867494504,0.03699860078213903,0.1432261645686399,0.11011432199372835,0.07099994157577975,0.17831820484129765,-0.039616733318783307,-0.03400134079364073,-56.19587004805337
111,L29N5434;L24N4144;L19N3583;L26N9228;L31N8541,1;5;6;7;8,650,0.07049758867494504,0.03699860078213903,0.1432261645686399,0.1117847041461659,0.07541802945052115,0.17734538760557503,-0.04128711547122085,-0.03841942866838212,-58.56528747612946
112,L29N5434;L24N4144;L19N3583;L26N9228;L31N2611,1;5;6;7;9,650,0.07049758867494504,0.03699860078213903,0.1432261645686399,0.08102930044228368,0.04399759335023264,0.1499566531515398,-0.010531711767338636,-0.006998992568093616,-14.939109216769031
113,L29N5434;L24N4144;L19N3583;L26N9228;L29N5238,1;5;6;7;10,650,0.07049758867494504,0.03699860078213903,0.1432261645686399,0.09622124048211886,0.05893825213368756,0.163316557622424,-0.025723651807173814,-0.02193965135154853,-36.488697401810626
114,L29N5434;L24N4144;L19N3583;L31N8541;L31N2611,1;5;6;8;9,650,0.07049758867494504,0.03699860078213903,0.1432261645686399,0.10345168500018377,0.06854463610082003,0.16895107187705735,-0.03295409632523873,-0.031546035318681,-46.744997871041605
115,L29N5434;L24N4144;L19N3583;L31N8541;L29N5238,1;5;6;8;10,650,0.07049758867494504,0.03699860078213903,0.1432261645686399,0.12465756579025788,0.08909543832024601,0.18686769376724358,-0.05415997711531284,-0.05209683753810698,-76.8252902450852
116,L29N5434;L24N4144;L19N3583;L31N2611;L29N5238,1;5;6;9;10,650,0.07049758867494504,0.03699860078213903,0.1432261645686399,0.08891090565191459,0.05301360902069522,0.1556158553550467,-0.018413316976969546,-0.016015008238556193,-26.119073464868265
117,L29N5434;L24N4144;L26N9228;L31N8541;L31N2611,1;5;7;8;9,650,0.07049758867494504,0.03699860078213903,0.1432261645686399,0.10097868277846037,0.06538259399612095,0.16855687009133918,-0.03048109410351532,-0.028383993213981926,-43.23707331900325
118,L29N5434;L24N4144;L26N9228;L31N8541;L29N5238,1;5;7;8;10,650,0.07049758867494504,0.03699860078213903,0.1432261645686399,0.12125939131174157,0.08513471969763248,0.18571673375606776,-0.05076180263679653,-0.04813611891549345,-72.00501973316054
119,L29N5434;L24N4144;L26N9228;L31N2611;L29N5238,1;5;7;9;10,650,0.07049758867494504,0.03699860078213903,0.1432261645686399,0.08692603413259616,0.050225330443392495,0.1556019108791769,-0.01642844545765111,-0.013226729661253468,-23.303556570424664
120,L29N5434;L24N4144;L31N8541;L31N2611;L29N5238,1;5;8;9;10,650,0.07049758867494504,0.03699860078213903,0.1432261645686399,0.1127230040069061,0.07809276726768141,0.17723063846574102,-0.04222541533196106,-0.041094166485542385,-59.896254787744304
121,L29N5434;L19N3583;L26N9228;L31N8541;L31N2611,1;6;7;8;9,650,0.07049758867494504,0.03699860078213903,0.1432261645686399,0.10040735648823161,0.06299841361511044,0.1675105277702588,-0.029909767813286567,-0.02599981283297141,-42.426653699031476
122,L29N5434;L19N3583;L26N9228;L31N8541;L29N5238,1;6;7;8;10,650,0.07049758867494504,0.03699860078213903,0.1432261645686399,0.12024085557059024,0.08231540531795249,0.18425821256557975,-0.04974326689564519,-0.045316804535813465,-70.56023876930705
123,L29N5434;L19N3583;L26N9228;L31N2611;L29N5238,1;6;7;9;10,650,0.07049758867494504,0.03699860078213903,0.1432261645686399,0.08720416546496303,0.048792820013080135,0.15540933082885983,-0.016706576790017982,-0.011794219230941108,-23.698082592654018
124,L29N5434;L19N3583;L31N8541;L31N2611;L29N5238,1;6;8;9;10,650,0.07049758867494504,0.03699860078213903,0.1432261645686399,0.1122112347683366,0.07585881114386558,0.1761631521270774,-0.04171364609339155,-0.03886021036172656,-59.17031614475155
125,L29N5434;L26N9228;L31N8541;L31N2611;L29N5238,1;7;8;9;10,650,0.07049758867494504,0.03699860078213903,0.1432261645686399,0.10926925933207328,0.07194522607655808,0.1752826522482744,-0.038771670657128235,-0.034946625294419054,-54.99715860623152
126,L19N3700;L31N74;L28N3278;L24N4144;L19N3583,2;3;4;5;6,650,0.07049758867494504,0.03699860078213903,0.1432261645686399,0.0909901510304357,0.0029295222095211846,0.1715630877733947,-0.020492562355490657,0.034069078572617845,-29.068458568106667
127,L19N3700;L31N74;L28N3278;L24N4144;L26N9228,2;3;4;5;7,650,0.07049758867494504,0.03699860078213903,0.1432261645686399,0.09207222209158328,-0.0020490476548256763,0.17409295528711166,-0.021574633416638234,0.039047648436964705,-30.603363635763465
128,L19N3700;L31N74;L28N3278;L24N4144;L31N8541,2;3;4;5;8,650,0.07049758867494504,0.03699860078213903,0.1432261645686399,0.10124459080801404,0.018322128500206144,0.18447563060997552,-0.030747002133068996,0.018676472281932883,-43.614260730022
129,L19N3700;L31N74;L28N3278;L24N4144;L31N2611,2;3;4;5;9,650,0.07049758867494504,0.03699860078213903,0.1432261645686399,0.08593008730364941,-0.003257352158689405,0.16646008249736016,-0.01543249862870437,0.040255952940828434,-21.890817712732783
130,L19N3700;L31N74;L28N3278;L24N4144;L29N5238,2;3;4;5;10,650,0.07049758867494504,0.03699860078213903,0.1432261645686399,0.09462721150997155,0.0083600655677102,0.17696115442328664,-0.02412962283502651,0.02863853521442883,-34.227586061538894
131,L19N3700;L31N74;L28N3278;L19N3583;L26N9228,2;3;4;6;7,650,0.07049758867494504,0.03699860078213903,0.1432261645686399,0.09280271430419003,-0.003763539285834704,0.1743034674271087,-0.022305125629244985,0.04076214006797373,-31.639558243744958
132,L19N3700;L31N74;L28N3278;L19N3583;L31N8541,2;3;4;6;8,650,0.07049758867494504,0.03699860078213903,0.1432261645686399,0.10146707478640145,0.016059456790603225,0.1838556740605686,-0.030969486111456404,0.0209391439915358,-43.92985163542623
133,L19N3700;L31N74;L28N3278;L19N3583;L31N2611,2;3;4;6;9,650,0.07049758867494504,0.03699860078213903,0.1432261645686399,0.08681135202717834,-0.004427578289600498,0.16677089481265994,-0.016313763352233293,0.041426179071739525,-23.14088135333802
134,L19N3700;L31N74;L28N3278;L19N3583;L29N5238,2;3;4;6;10,650,0.07049758867494504,0.03699860078213903,0.1432261645686399,0.0953725584527428,0.006951348115126592,0.17699798632243632,-0.024874969777797754,0.030047252667012435,-35.284851929465155
135,L19N3700;L31N74;L28N3278;L26N9228;L31N8541,2;3;4;7;8,650,0.07049758867494504,0.03699860078213903,0.1432261645686399,0.10195860924122098,0.010181293957735617,0.18603121076332407,-0.031461020566275935,0.02681730682440341,-44.62708747576956
136,L19N3700;L31N74;L28N3278;L26N9228;L31N2611,2;3;4;7;9,650,0.07049758867494504,0.03699860078213903,0.1432261645686399,0.08830273261692638,-0.009603318800451057,0.16964310045106515,-0.017805143941981336,0.046601919582590086,-25.25638717102577
137,L19N3700;L31N74;L28N3278;L26N9228;L29N5238,2;3;4;7;10,650,0.07049758867494504,0.03699860078213903,0.1432261645686399,0.09617714685157513,0.0012167286727776969,0.1793799301917465,-0.02567955817663009,0.03578187210936133,-36.426151105728025
138,L19N3700;L31N74;L28N3278;L31N8541;L31N2611,2;3;4;8;9,650,0.07049758867494504,0.03699860078213903,0.1432261645686399,0.09534810587215975,0.008704733311116123,0.1779802712349604,-0.024850517197214705,0.0282938674710229,-35.25016623163824
139,L19N3700;L31N74;L28N3278;L31N8541;L29N5238,2;3;4;8;10,650,0.07049758867494504,0.03699860078213903,0.1432261645686399,0.10786329611303717,0.024352340425819803,0.19121976424283768,-0.03736570743809213,0.012646260356319224,-53.002816323804225
140,L19N3700;L31N74;L28N3278;L31N2611;L29N5238,2;3;4;9;10,650,0.07049758867494504,0.03699860078213903,0.1432261645686399,0.09008731453037432,0.0003191167198339811,0.17165108675290425,-0.01958972585542927,0.03667948406230505,-27.787795616322253
141,L19N3700;L31N74;L24N4144;L19N3583;L26N9228,2;3;5;6;7,650,0.07049758867494504,0.03699860078213903,0.1432261645686399,0.08644953627762368,0.010556539775594077,0.16599754534455202,-0.015951947602678637,0.026442061006544948,-22.6276499700308
142,L19N3700;L31N74;L24N4144;L19N3583;L31N8541,2;3;5;6;8,650,0.07049758867494504,0.03699860078213903,0.1432261645686399,0.09877510898955011,0.029970495756459086,0.17723290130517624,-0.028277520314605065,0.007028105025679941,-40.111329828583116
143,L19N3700;L31N74;L24N4144;L19N3583;L31N2611,2;3;5;6;9,650,0.07049758867494504,0.03699860078213903,0.1432261645686399,0.08045335934767288,0.008324242469724399,0.15873417638929815,-0.009955770672727834,0.028674358312414626,-14.122143551083091
144,L19N3700;L31N74;L24N4144;L19N3583;L29N5238,2;3;5;6;10,650,0.07049758867494504,0.03699860078213903,0.1432261645686399,0.09088627046045765,0.020336662291052892,0.16956476897122255,-0.020388681785512605,0.016661938491086135,-28.921105201941145
145,L19N3700;L31N74;L24N4144;L26N9228;L31N8541,2;3;5;7;8,650,0.07049758867494504,0.03699860078213903,0.1432261645686399,0.09762656065151157,0.025361223563310102,0.1785291020992062,-0.027128971976566524,0.011637377218828925,-38.48212752588544
146,L19N3700;L31N74;L24N4144;L26N9228;L31N2611,2;3;5;7;9,650,0.07049758867494504,0.03699860078213903,0.1432261645686399,0.08114493301002677,0.004456663026853855,0.1607611513250614,-0.01064734433508173,0.032541937755285175,-15.103132653480122
147,L19N3700;L31N74;L24N4144;L26N9228;L29N5238,2;3;5;7;10,650,0.07049758867494504,0.03699860078213903,0.1432261645686399,0.09041119919936935,0.015902571879846842,0.17107441543792018,-0.019913610524424308,0.021096028902292185,-28.247222208185452
148,L19N3700;L31N74;L24N4144;L31N8541;L31N2611,2;3;5;8;9,650,0.07049758867494504,0.03699860078213903,0.1432261645686399,0.09093727586995853,0.022275613643153586,0.17067450630164607,-0.02043968719501349,0.014722987138985441,-28.993455775144525
149,L19N3700;L31N74;L24N4144;L31N8541;L29N5238,2;3;5;8;10,650,0.07049758867494504,0.03699860078213903,0.1432261645686399,0.10613424256513129,0.03860494070555577,0.1847189486765257,-0.03563665389018625,-0.0016063399234167441,-50.55017421163452
150,L19N3700;L31N74;L24N4144;L31N2611;L29N5238,2;3;5;9;10,650,0.07049758867494504,0.03699860078213903,0.1432261645686399,0.08423543879514393,0.013432928486841614,0.16361788582471432,-0.013737850120198888,0.023565672295297414,-19.48697874411319
151,L19N3700;L31N74;L19N3583;L26N9228;L31N8541,2;3;6;7;8,650,0.07049758867494504,0.03699860078213903,0.1432261645686399,0.09777194463853012,0.022807543136962625,0.17798668606064166,-0.027274355963585073,0.014191057645176402,-38.688353000757914
152,L19N3700;L31N74;L19N3583;L26N9228;L31N2611,2;3;6;7;9,650,0.07049758867494504,0.03699860078213903,0.1432261645686399,0.08199261203302399,0.0029925282210512215,0.16118356479310916,-0.011495023358078948,0.034006072561087806,-16.305555373079446
153,L19N3700;L31N74;L19N3583;L26N9228;L29N5238,2;3;6;7;10,650,0.07049758867494504,0.03699860078213903,0.1432261645686399,0.09112752371604016,0.014191034200832446,0.17121676117031917,-0.020629935041095115,0.02280756658130658,-29.26332010619113
154,L19N3700;L31N74;L19N3583;L31N8541;L31N2611,2;3;6;8;9,650,0.07049758867494504,0.03699860078213903,0.1432261645686399,0.09137153550641613,0.020320530449752662,0.17036366601723069,-0.02087394683147109,0.016678070332386365,-29.60944795958635
155,L19N3700;L31N74;L19N3583;L31N8541;L29N5238,2;3;6;8;10,650,0.07049758867494504,0.03699860078213903,0.1432261645686399,0.10618958201742568,0.03626686586665932,0.1840413094163104,-0.03569199334248063,0.0007317349154797037,-50.628672573542396
156,L19N3700;L31N74;L19N3583;L31N2611;L29N5238,2;3;6;9;10,650,0.07049758867494504,0.03699860078213903,0.1432261645686399,0.08516511640910243,0.012235378774449537,0.16392464596979422,-0.014667527734157387,0.02476322200768949,-20.80571550012497
157,L19N3700;L31N74;L26N9228;L31N8541;L31N2611,2;3;7;8;9,650,0.07049758867494504,0.03699860078213903,0.1432261645686399,0.09107142036651683,0.015600848973640667,0.17199819780858255,-0.020573831691571787,0.021397751808498358,-29.18373816505267
158,L19N3700;L31N74;L26N9228;L31N8541;L29N5238,2;3;7;8;10,650,0.07049758867494504,0.03699860078213903,0.1432261645686399,0.10440645639559495,0.030741770081948977,0.18492833910040649,-0.03390886772064991,0.00625683070019005,-48.09932986076895
159,L19N3700;L31N74;L26N9228;L31N2611;L29N5238,2;3;7;9;10,650,0.07049758867494504,0.03699860078213903,0.1432261645686399,0.08538569818920357,0.007677783870110121,0.16574762483150363,-0.014888109514258521,0.029320816912028907,-21.118608159643024
160,L19N3700;L31N74;L31N8541;L31N2611;L29N5238,2;3;8;9;10,650,0.07049758867494504,0.03699860078213903,0.1432261645686399,0.09773164493206858,0.027994001786851803,0.1771289932591894,-0.027234056257123537,0.009004598995287223,-38.63118834134332
161,L19N3700;L28N3278;L24N4144;L19N3583;L26N9228,2;4;5;6;7,650,0.07049758867494504,0.03699860078213903,0.1432261645686399,0.07072906574945358,0.03152830355970336,0.1468718161196295,-0.00023147707450853205,0.005470297222435666,-0.3283475064315205
162,L19N3700;L28N3278;L24N4144;L19N3583;L31N8541,2;4;5;6;8,650,0.07049758867494504,0.03699860078213903,0.1432261645686399,0.08610488329037061,0.0500365228950095,0.16003656778550024,-0.015607294615425565,-0.01303792211287047,-22.138763763096513
163,L19N3700;L28N3278;L24N4144;L19N3583;L31N2611,2;4;5;6;9,650,0.07049758867494504,0.03699860078213903,0.1432261645686399,0.06554157578692253,0.028038311417958803,0.1406460297042761,0.004956012888022512,0.008960289364180224,7.030045964939347
164,L19N3700;L28N3278;L24N4144;L19N3583;L29N5238,2;4;5;6;10,650,0.07049758867494504,0.03699860078213903,0.1432261645686399,0.07780465437843731,0.0403073208685616,0.15188463377244374,-0.007307065703492266,-0.0033087200864225716,-10.36498671916875
165,L19N3700;L28N3278;L24N4144;L26N9228;L31N8541,2;4;5;7;8,650,0.07049758867494504,0.03699860078213903,0.1432261645686399,0.08390853820549746,0.04682850825618344,0.16022137955414806,-0.013410949530552413,-0.009829907474044414,-19.02327410429385
166,L19N3700;L28N3278;L24N4144;L26N9228;L31N2611,2;4;5;7;9,650,0.07049758867494504,0.03699860078213903,0.1432261645686399,0.06440415638344137,0.025509022436720867,0.14148261892720346,0.006093432291503678,0.01148957834541816,8.643462004920025
167,L19N3700;L28N3278;L24N4144;L26N9228;L29N5238,2;4;5;7;10,650,0.07049758867494504,0.03699860078213903,0.1432261645686399,0.075992443697715,0.037249965024576864,0.15224239393707947,-0.005494855022769959,-0.0002513642424378376,-7.794387192597468
168,L19N3700;L28N3278;L24N4144;L31N8541;L31N2611,2;4;5;8;9,650,0.07049758867494504,0.03699860078213903,0.1432261645686399,0.07783005387155637,0.042395103695706975,0.15330302384138933,-0.007332465196611321,-0.005396502913567948,-10.401015601285794
169,L19N3700;L28N3278;L24N4144;L31N8541;L29N5238,2;4;5;8;10,650,0.07049758867494504,0.03699860078213903,0.1432261645686399,0.09482700626719152,0.05914493863785013,0.16806957988976534,-0.02432941759224648,-0.0221463378557111,-34.51099257369805
170,L19N3700;L28N3278;L24N4144;L31N2611;L29N5238,2;4;5;9;10,650,0.07049758867494504,0.03699860078213903,0.1432261645686399,0.07052185163903517,0.033462878063278266,0.14578095509513156,-2.4262964090124295e-05,0.0035357227188607607,-0.03441672906288693
171,L19N3700;L28N3278;L19N3583;L26N9228;L31N8541,2;4;6;7;8,650,0.07049758867494504,0.03699860078213903,0.1432261645686399,0.08355774762401286,0.04457860404101922,0.15941500611949083,-0.013060158949067813,-0.00758000325888019,-18.525681792162366
172,L19N3700;L28N3278;L19N3583;L26N9228;L31N2611,2;4;6;7;9,650,0.07049758867494504,0.03699860078213903,0.1432261645686399,0.06491967469811709,0.024354293431124045,0.1416825873006561,0.005577913976827956,0.012644307351014981,7.91220534158547
173,L19N3700;L28N3278;L19N3583;L26N9228;L29N5238,2;4;6;7;10,650,0.07049758867494504,0.03699860078213903,0.1432261645686399,0.07628079414894087,0.035826797209297184,0.1521584324142254,-0.005783205473995828,0.0011718035728418424,-8.203408914681345
174,L19N3700;L28N3278;L19N3583;L31N8541;L31N2611,2;4;6;8;9,650,0.07049758867494504,0.03699860078213903,0.1432261645686399,0.07791998648789727,0.04068669385030063,0.15279349550123253,-0.0074223978129522306,-0.0036880930681616048,-10.528583959340672
175,L19N3700;L28N3278;L19N3583;L31N8541;L29N5238,2;4;6;8;10,650,0.07049758867494504,0.03699860078213903,0.1432261645686399,0.09446026290552811,0.05702310130920806,0.16716826368235654,-0.02396267423058307,-0.020024500527069035,-33.99077143059709
176,L19N3700;L28N3278;L19N3583;L31N2611;L29N5238,2;4;6;9;10,650,0.07049758867494504,0.03699860078213903,0.1432261645686399,0.0711523071895537,0.03249548437423142,0.14592253484069714,-0.0006547185146086598,0.004503116407907605,-0.9287105089898597
177,L19N3700;L28N3278;L26N9228;L31N8541;L31N2611,2;4;7;8;9,650,0.07049758867494504,0.03699860078213903,0.1432261645686399,0.0761057693513563,0.03745097190526885,0.15321960477359328,-0.005608180676411251,-0.0004523711231298258,-7.955138298800292
178,L19N3700;L28N3278;L26N9228;L31N8541;L29N5238,2;4;7;8;10,650,0.07049758867494504,0.03699860078213903,0.1432261645686399,0.09181230137789179,0.05304736642929827,0.16690921557601576,-0.021314712702946742,-0.016048765647159242,-30.234669161843296
179,L19N3700;L28N3278;L26N9228;L31N2611;L29N5238,2;4;7;9;10,650,0.07049758867494504,0.03699860078213903,0.1432261645686399,0.06960590615645389,0.02939538556957334,0.14650139147942756,0.0008916825184911575,0.007603215212565687,1.2648411601744087
180,L19N3700;L28N3278;L31N8541;L31N2611;L29N5238,2;4;8;9;10,650,0.07049758867494504,0.03699860078213903,0.1432261645686399,0.08580233032306221,0.04880952823832291,0.16004357349835713,-0.015304741648117168,-0.011810927456183881,-21.70959593906862
181,L19N3700;L24N4144;L19N3583;L26N9228;L31N8541,2;5;6;7;8,650,0.07049758867494504,0.03699860078213903,0.1432261645686399,0.08586139097392695,0.05210215586795318,0.15785557297232122,-0.015363802298981905,-0.015103555085814152,-21.79337277736171
182,L19N3700;L24N4144;L19N3583;L26N9228;L31N2611,2;5;6;7;9,650,0.07049758867494504,0.03699860078213903,0.1432261645686399,0.06536927939466229,0.030803255870386355,0.13896811125189867,0.005128309280282753,0.006195344911752672,7.274446369972597
183,L19N3700;L24N4144;L19N3583;L26N9228;L29N5238,2;5;6;7;10,650,0.07049758867494504,0.03699860078213903,0.1432261645686399,0.07758560100280311,0.0427949876613212,0.14995295288991342,-0.007088012327858065,-0.005796386879182172,-10.054262083402513
184,L19N3700;L24N4144;L19N3583;L31N8541;L31N2611,2;5;6;8;9,650,0.07049758867494504,0.03699860078213903,0.1432261645686399,0.07959578972251093,0.047252367932174064,0.15097284242399023,-0.009098201047565882,-0.010253767150035037,-12.905691128694444
185,L19N3700;L24N4144;L19N3583;L31N8541;L29N5238,2;5;6;8;10,650,0.07049758867494504,0.03699860078213903,0.1432261645686399,0.09719053331680245,0.06420051704662523,0.16602779442177995,-0.02669294464185741,-0.027201916264486203,-37.863627882274116
186,L19N3700;L24N4144;L19N3583;L31N2611;L29N5238,2;5;6;9;10,650,0.07049758867494504,0.03699860078213903,0.1432261645686399,0.0719579241573593,0.03854963369956928,0.14351433680121278,-0.0014603354824142545,-0.0015510329174302506,-2.0714686982382706
187,L19N3700;L24N4144;L26N9228;L31N8541;L31N2611,2;5;7;8;9,650,0.07049758867494504,0.03699860078213903,0.1432261645686399,0.07762475927100451,0.044555018239194076,0.15110294355141787,-0.007127170596059468,-0.007556417457055049,-10.10980762607626
188,L19N3700;L24N4144;L26N9228;L31N8541;L29N5238,2;5;7;8;10,650,0.07049758867494504,0.03699860078213903,0.1432261645686399,0.09430219104222456,0.06071363589914617,0.16542512808369927,-0.02380460236727952,-0.023715035117007142,-33.76654835251084
189,L19N3700;L24N4144;L26N9228;L31N2611;L29N5238,2;5;7;9;10,650,0.07049758867494504,0.03699860078213903,0.1432261645686399,0.07025674020923368,0.036022135657092565,0.14381896153867504,0.0002408484657113602,0.000976465125046462,0.3416407145808636
190,L19N3700;L24N4144;L31N8541;L31N2611;L29N5238,2;5;8;9;10,650,0.07049758867494504,0.03699860078213903,0.1432261645686399,0.08771556225331294,0.05556523566671449,0.1583268350727174,-0.017217973578367893,-0.01856663488457546,-24.423492919392842
191,L19N3700;L19N3583;L26N9228;L31N8541;L31N2611,2;6;7;8;9,650,0.07049758867494504,0.03699860078213903,0.1432261645686399,0.07747627713629289,0.0426779751646131,0.15059772641108954,-0.006978688461347846,-0.005679374382474074,-9.89918746515664
192,L19N3700;L19N3583;L26N9228;L31N8541;L29N5238,2;6;7;8;10,650,0.07049758867494504,0.03699860078213903,0.1432261645686399,0.09378923643635122,0.0584356941506635,0.16453256170389471,-0.023291647761406173,-0.021437093368524472,-33.03892827994564
193,L19N3700;L19N3583;L26N9228;L31N2611;L29N5238,2;6;7;9;10,650,0.07049758867494504,0.03699860078213903,0.1432261645686399,0.07075653099381307,0.03488520043346331,0.14397827738798433,-0.0002589423188680273,0.0021134003486757147,-0.3673066323757196
194,L19N3700;L19N3583;L31N8541;L31N2611;L29N5238,2;6;8;9;10,650,0.07049758867494504,0.03699860078213903,0.1432261645686399,0.08763674233381305,0.05382431711128515,0.15776757268509498,-0.017139153658868006,-0.016825716329146125,-24.31168779104538
195,L19N3700;L26N9228;L31N8541;L31N2611;L29N5238,2;7;8;9;10,650,0.07049758867494504,0.03699860078213903,0.1432261645686399,0.08514687332079757,0.05035610335296551,0.15740893149298826,-0.014649284645852523,-0.013357502570826484,-20.779837894028425
196,L31N74;L28N3278;L24N4144;L19N3583;L26N9228,3;4;5;6;7,650,0.07049758867494504,0.03699860078213903,0.1432261645686399,0.09704082031474863,0.00022621868160972107,0.17404016416763088,-0.026543231639803586,0.036772382100529306,-37.65126175051302
197,L31N74;L28N3278;L24N4144;L19N3583;L31N8541,3;4;5;6;8,650,0.07049758867494504,0.03699860078213903,0.1432261645686399,0.10773527369733865,0.021126433554193892,0.18518988869375047,-0.03723768502239361,0.015872167227945135,-52.82121803355799
198,L31N74;L28N3278;L24N4144;L19N3583;L31N2611,3;4;5;6;9,650,0.07049758867494504,0.03699860078213903,0.1432261645686399,0.09086397175494833,-0.0013088342609573352,0.16638957840070867,-0.020366383080003284,0.03830743504309636,-28.88947475056197
199,L31N74;L28N3278;L24N4144;L19N3583;L29N5238,3;4;5;6;10,650,0.07049758867494504,0.03699860078213903,0.1432261645686399,0.10063800712107818,0.011416546683343734,0.17776755387277535,-0.030140418446133133,0.02558205409879529,-42.75382890769012
200,L31N74;L28N3278;L24N4144;L26N9228;L31N8541,3;4;5;7;8,650,0.07049758867494504,0.03699860078213903,0.1432261645686399,0.1078355696629716,0.015851295709294097,0.1871809563224985,-0.037337980988026556,0.02114730507284493,-52.96348668063953
201,L31N74;L28N3278;L24N4144;L26N9228;L31N2611,3;4;5;7;9,650,0.07049758867494504,0.03699860078213903,0.1432261645686399,0.09213310864949623,-0.005916000417888777,0.16905576997041627,-0.02163551997455118,0.042914601200027803,-30.689730501719243
202,L31N74;L28N3278;L24N4144;L26N9228;L29N5238,3;4;5;7;10,650,0.07049758867494504,0.03699860078213903,0.1432261645686399,0.10126319969094587,0.006272739229130981,0.17995806691289243,-0.030765611016000824,0.030725861553008046,-43.640657211492645
203,L31N74;L28N3278;L24N4144;L31N8541;L31N2611,3;4;5;8;9,650,0.07049758867494504,0.03699860078213903,0.1432261645686399,0.1007865601071359,0.013365040858166205,0.17889148184066078,-0.03028897143219085,0.02363355992397282,-42.96454957041048
204,L31N74;L28N3278;L24N4144;L31N8541;L29N5238,3;4;5;8;10,650,0.07049758867494504,0.03699860078213903,0.1432261645686399,0.11567291381552418,0.03096334399180463,0.19378157641929347,-0.045175325140579134,0.006035256790334398,-64.0806671400869
205,L31N74;L28N3278;L24N4144;L31N2611;L29N5238,3;4;5;9;10,650,0.07049758867494504,0.03699860078213903,0.1432261645686399,0.09480929761426814,0.004448601860246634,0.17206761070371734,-0.024311708939323093,0.03254999892189239,-34.4858730579015
206,L31N74;L28N3278;L19N3583;L26N9228;L31N8541,3;4;6;7;8,650,0.07049758867494504,0.03699860078213903,0.1432261645686399,0.10789003451082228,0.013346604396567563,0.1866444601921012,-0.03739244583587724,0.023651996385571465,-53.04074442643536
207,L31N74;L28N3278;L19N3583;L26N9228;L31N2611,3;4;6;7;9,650,0.07049758867494504,0.03699860078213903,0.1432261645686399,0.09296814944833505,-0.007343443754226242,0.16945653204845804,-0.022470560773390005,0.04434204453636527,-31.87422604906213
208,L31N74;L28N3278;L19N3583;L26N9228;L29N5238,3;4;6;7;10,650,0.07049758867494504,0.03699860078213903,0.1432261645686399,0.1018480194270482,0.004604375826269495,0.1800827133896686,-0.031350430752103156,0.032394224955869536,-44.47021712566057
209,L31N74;L28N3278;L19N3583;L31N8541;L31N2611,3;4;6;8;9,650,0.07049758867494504,0.03699860078213903,0.1432261645686399,0.10114670137427884,0.011489712045257965,0.17854401127012412,-0.03064911269933379,0.025508888736881064,-43.475405720120094
210,L31N74;L28N3278;L19N3583;L31N8541;L29N5238,3;4;6;8;10,650,0.07049758867494504,0.03699860078213903,0.1432261645686399,0.11571902541679706,0.028699267786736524,0.19307119057038738,-0.045221436741852014,0.008299332995402503,-64.14607590390364
211,L31N74;L28N3278;L19N3583;L31N2611;L29N5238,3;4;6;9;10,650,0.07049758867494504,0.03699860078213903,0.1432261645686399,0.09562969678690475,0.0033268830432840483,0.17231551302314602,-0.025132108111959706,0.03367171773885498,-35.649599630762545
212,L31N74;L28N3278;L26N9228;L31N8541;L31N2611,3;4;7;8;9,650,0.07049758867494504,0.03699860078213903,0.1432261645686399,0.10186837134486298,0.006051621441046885,0.1809081709940215,-0.03137078266991794,0.03094697934109214,-44.49908608160263
213,L31N74;L28N3278;L26N9228;L31N8541;L29N5238,3;4;7;8;10,650,0.07049758867494504,0.03699860078213903,0.1432261645686399,0.11504173009235041,0.022529453236490745,0.19475132124223232,-0.04454414141740537,0.014469147545648282,-63.1853404558168
214,L31N74;L28N3278;L26N9228;L31N2611;L29N5238,3;4;7;9;10,650,0.07049758867494504,0.03699860078213903,0.1432261645686399,0.09672366634622075,-0.0019918835877775994,0.17485680889305688,-0.026226077671275702,0.038990484369916624,-37.20138257806326
215,L31N74;L28N3278;L31N8541;L31N2611;L29N5238,3;4;8;9;10,650,0.07049758867494504,0.03699860078213903,0.1432261645686399,0.10807287491143626,0.020321118099974986,0.18641547130375674,-0.037575286236491215,0.01667748268216404,-53.30010138324849
216,L31N74;L24N4144;L19N3583;L26N9228;L31N8541,3;5;6;7;8,650,0.07049758867494504,0.03699860078213903,0.1432261645686399,0.10417388249282322,0.02799242857767243,0.1793848532578614,-0.03367629381787818,0.009006172204466596,-47.769426516352304
217,L31N74;L24N4144;L19N3583;L26N9228;L31N2611,3;5;6;7;9,650,0.07049758867494504,0.03699860078213903,0.1432261645686399,0.08583207560871796,0.006163917121831428,0.1607854632757478,-0.015334486933772914,0.0308346836603076,-21.75178927676262
218,L31N74;L24N4144;L19N3583;L26N9228;L29N5238,3;5;6;7;10,650,0.07049758867494504,0.03699860078213903,0.1432261645686399,0.09666063525481706,0.018744215949168447,0.17202844159380912,-0.02616304657987202,0.01825438483297058,-37.111973716585304
219,L31N74;L24N4144;L19N3583;L31N8541;L31N2611,3;5;6;8;9,650,0.07049758867494504,0.03699860078213903,0.1432261645686399,0.09729015082464582,0.02455855304505722,0.17145188035637476,-0.02679256214970077,0.012440047737081808,-38.00493414496444
220,L31N74;L24N4144;L19N3583;L31N8541;L29N5238,3;5;6;8;10,650,0.07049758867494504,0.03699860078213903,0.1432261645686399,0.11434801894042489,0.04244979263963706,0.1868305617178488,-0.04385043026547984,-0.005451191857498032,-62.20131934961394
221,L31N74;L24N4144;L19N3583;L31N2611;L29N5238,3;5;6;9;10,650,0.07049758867494504,0.03699860078213903,0.1432261645686399,0.09039870208155014,0.01592608509029031,0.16450470249596544,-0.019901113406605095,0.021072515691848717,-28.22949519361076
222,L31N74;L24N4144;L26N9228;L31N8541;L31N2611,3;5;7;8;9,650,0.07049758867494504,0.03699860078213903,0.1432261645686399,0.09679124969185862,0.02037851682179416,0.17295969757306132,-0.026293661016913578,0.016620083960344867,-37.29724875860667
223,L31N74;L24N4144;L26N9228;L31N8541;L29N5238,3;5;7;8;10,650,0.07049758867494504,0.03699860078213903,0.1432261645686399,0.11249797926229385,0.037513768398243476,0.18762136885131914,-0.04200039058734881,-0.0005151676161044491,-59.57705983534698
224,L31N74;L24N4144;L26N9228;L31N2611;L29N5238,3;5;7;9;10,650,0.07049758867494504,0.03699860078213903,0.1432261645686399,0.09023759144208986,0.011895265339197608,0.16619515111356076,-0.019740002767144813,0.025103335442941417,-28.00096164730304
225,L31N74;L24N4144;L31N8541;L31N2611;L29N5238,3;5;8;9;10,650,0.07049758867494504,0.03699860078213903,0.1432261645686399,0.10531651892092424,0.03375709572876013,0.17946440670880306,-0.03481893024597919,0.003241505053378897,-49.39024284436823
226,L31N74;L19N3583;L26N9228;L31N8541;L31N2611,3;6;7;8;9,650,0.07049758867494504,0.03699860078213903,0.1432261645686399,0.09708078105542552,0.018220014108215537,0.17270574048721032,-0.026583192380480472,0.01877858667392349,-37.70794559095066
227,L31N74;L19N3583;L26N9228;L31N8541;L29N5238,3;6;7;8;10,650,0.07049758867494504,0.03699860078213903,0.1432261645686399,0.11236246326520348,0.03497657939839231,0.18699933579530773,-0.041864874590258436,0.002022021383746714,-59.38483198807235
228,L31N74;L19N3583;L26N9228;L31N2611;L29N5238,3;6;7;9;10,650,0.07049758867494504,0.03699860078213903,0.1432261645686399,0.09098076935979747,0.010482822858149006,0.16656314813282094,-0.02048318068485243,0.02651577792399002,-29.055150778699165
229,L31N74;L19N3583;L31N8541;L31N2611;L29N5238,3;6;8;9;10,650,0.07049758867494504,0.03699860078213903,0.1432261645686399,0.1055602507602918,0.03181950823376881,0.17909482638252555,-0.03506266208534675,0.0051790925483702135,-49.73597359055215
230,L31N74;L26N9228;L31N8541;L31N2611;L29N5238,3;7;8;9;10,650,0.07049758867494504,0.03699860078213903,0.1432261645686399,0.10428300976431101,0.026785935271958043,0.18022897782221492,-0.03378542108936597,0.010212665510180984,-47.92422226687218
231,L28N3278;L24N4144;L19N3583;L26N9228;L31N8541,4;5;6;7;8,650,0.07049758867494504,0.03699860078213903,0.1432261645686399,0.09021875477118875,0.0493584152956305,0.1611096139127334,-0.019721166096243706,-0.012359814513491475,-27.974242051278328
232,L28N3278;L24N4144;L19N3583;L26N9228;L31N2611,4;5;6;7;9,650,0.07049758867494504,0.03699860078213903,0.1432261645686399,0.06946727547045155,0.02717908666072479,0.14160128791289578,0.0010303132044934965,0.009819514121414238,1.4614871570205514
233,L28N3278;L24N4144;L19N3583;L26N9228;L29N5238,4;5;6;7;10,650,0.07049758867494504,0.03699860078213903,0.1432261645686399,0.08220383650832608,0.039980043241396805,0.15327591470724944,-0.011706247833381034,-0.0029814424592577785,-16.605174805846165
234,L28N3278;L24N4144;L19N3583;L31N8541;L31N2611,4;5;6;8;9,650,0.07049758867494504,0.03699860078213903,0.1432261645686399,0.08390740284567362,0.04464068875616216,0.1540678209125917,-0.013409814170728576,-0.007642087974023132,-19.021663609743356
235,L28N3278;L24N4144;L19N3583;L31N8541;L29N5238,4;5;6;8;10,650,0.07049758867494504,0.03699860078213903,0.1432261645686399,0.10227592246409024,0.06284368102799008,0.17012598860733455,-0.0317783337891452,-0.025845080245851054,-45.077192548628645
236,L28N3278;L24N4144;L19N3583;L31N2611;L29N5238,4;5;6;9;10,650,0.07049758867494504,0.03699860078213903,0.1432261645686399,0.07651641389868935,0.035903521343534764,0.14669660192295658,-0.006018825223744306,0.0010950794386042628,-8.53763275719444
237,L28N3278;L24N4144;L26N9228;L31N8541;L31N2611,4;5;7;8;9,650,0.07049758867494504,0.03699860078213903,0.1432261645686399,0.08224483455877117,0.04180316684863962,0.15448361398822863,-0.011747245883826127,-0.004804566066500593,-16.663330057984123
238,L28N3278;L24N4144;L26N9228;L31N8541;L29N5238,4;5;7;8;10,650,0.07049758867494504,0.03699860078213903,0.1432261645686399,0.09988603454639819,0.05931104464154532,0.16988591408706114,-0.029388445871453145,-0.02231244385940629,-41.687164658864205
239,L28N3278;L24N4144;L26N9228;L31N2611;L29N5238,4;5;7;9;10,650,0.07049758867494504,0.03699860078213903,0.1432261645686399,0.07514183052971159,0.03319435822579949,0.14725919018992145,-0.004644241854766543,0.0038042425563395363,-6.5878024228325325
240,L28N3278;L24N4144;L31N8541;L31N2611;L29N5238,4;5;8;9;10,650,0.07049758867494504,0.03699860078213903,0.1432261645686399,0.09313400780090388,0.05419647522471251,0.16255736429679393,-0.02263641912595883,-0.017197874442573487,-32.10949417054863
241,L28N3278;L19N3583;L26N9228;L31N8541;L31N2611,4;6;7;8;9,650,0.07049758867494504,0.03699860078213903,0.1432261645686399,0.08214462081561909,0.03993875582392165,0.153984596377359,-0.011647032140674043,-0.002940155041782626,-16.521178042524195
242,L28N3278;L19N3583;L26N9228;L31N8541;L29N5238,4;6;7;8;10,650,0.07049758867494504,0.03699860078213903,0.1432261645686399,0.0994062734682703,0.057044586399609534,0.16899965282840682,-0.028908684793325257,-0.020045985617470508,-41.00662921482228
243,L28N3278;L19N3583;L26N9228;L31N2611;L29N5238,4;6;7;9;10,650,0.07049758867494504,0.03699860078213903,0.1432261645686399,0.07552276540090995,0.03206309185286687,0.14741321676226976,-0.0050251767259649055,0.004935508929272157,-7.128154055219285
244,L28N3278;L19N3583;L31N8541;L31N2611;L29N5238,4;6;8;9;10,650,0.07049758867494504,0.03699860078213903,0.1432261645686399,0.09308898447867964,0.05247402778818928,0.16198274663423132,-0.022591395803734593,-0.01547542700605025,-32.045629117756775
245,L28N3278;L26N9228;L31N8541;L31N2611;L29N5238,4;7;8;9;10,650,0.07049758867494504,0.03699860078213903,0.1432261645686399,0.09100569356450672,0.04892115350964284,0.16199053008424122,-0.020508104889561674,-0.01192255272750381,-29.090505469799545
246,L24N4144;L19N3583;L26N9228;L31N8541;L31N2611,5;6;7;8;9,650,0.07049758867494504,0.03699860078213903,0.1432261645686399,0.08343010199667814,0.046735556414111555,0.151941297400211,-0.012932513321733091,-0.009736955631972528,-18.344617971776568
247,L24N4144;L19N3583;L26N9228;L31N8541;L29N5238,5;6;7;8;10,650,0.07049758867494504,0.03699860078213903,0.1432261645686399,0.1016701714975594,0.06442106170862055,0.16762800418708973,-0.031172582822614356,-0.027422460926481526,-44.21794193039278
248,L24N4144;L19N3583;L26N9228;L31N2611;L29N5238,5;6;7;9;10,650,0.07049758867494504,0.03699860078213903,0.1432261645686399,0.07607157421259965,0.038364016567636355,0.14479580554828744,-0.005573985537654605,-0.0013654157854973287,-7.906632896843474
249,L24N4144;L19N3583;L31N8541;L31N2611;L29N5238,5;6;8;9;10,650,0.07049758867494504,0.03699860078213903,0.1432261645686399,0.0947450478667413,0.058946505286599254,0.1603622819085371,-0.02424745919179626,-0.021947904504460228,-34.39473554705261
250,L24N4144;L26N9228;L31N8541;L31N2611;L29N5238,5;7;8;9;10,650,0.07049758867494504,0.03699860078213903,0.1432261645686399,0.092517254047327,0.05589692447694373,0.1600485532534304,-0.022019665372381952,-0.0188983236948047,-31.234636228356244
251,L19N3583;L26N9228;L31N8541;L31N2611;L29N5238,6;7;8;9;10,650,0.07049758867494504,0.03699860078213903,0.1432261645686399,0.09234040088072498,0.0540205367057282,0.15949038431204704,-0.021842812205779938,-0.017021935923589172,-30.983772092538118
